ping;2025-09-20 11:49:38
now;2025-09-20 11:49:38
black_list_check_full RES: yes good boy;2025-09-20 11:49:40
black_list_check_full RES: yes good boy;2025-09-20 11:49:40
levenshtein_distance;2025-09-20 11:49:40
levenshtein_distance;2025-09-20 11:49:40
levenshtein_distance;2025-09-20 11:49:40
levenshtein_distance;2025-09-20 11:49:40
levenshtein_distance;2025-09-20 11:49:40
levenshtein_distance;2025-09-20 11:49:40
levenshtein_distance;2025-09-20 11:49:40
levenshtein_distance;2025-09-20 11:49:40
levenshtein_distance;2025-09-20 11:49:40
levenshtein_distance;2025-09-20 11:49:40
levenshtein_distance;2025-09-20 11:49:40
levenshtein_distance;2025-09-20 11:49:40
levenshtein_distance;2025-09-20 11:49:40
levenshtein_distance;2025-09-20 11:49:40
levenshtein_distance;2025-09-20 11:49:40
black_list_check_full RES: no, bad boy;2025-09-20 11:49:40
black_list_check_full ERROR: Ошибка: Дата рождения '22.03.2026' не может быть позже текущей даты;2025-09-20 11:49:40
black_list_check_full ERROR: Ошибка: Неверный формат даты '22-03-1989'. Ожидается DD.MM.YYYY (например, 22.03.1989);2025-09-20 11:49:40
black_list_check_full ERROR: Ошибка: Неверный формат даты '1989.03.22'. Ожидается DD.MM.YYYY (например, 22.03.1989);2025-09-20 11:49:40
levenshtein_distance;2025-09-20 11:49:40
levenshtein_distance;2025-09-20 11:49:40
levenshtein_distance;2025-09-20 11:49:40
levenshtein_distance;2025-09-20 11:49:40
levenshtein_distance;2025-09-20 11:49:40
levenshtein_distance;2025-09-20 11:49:40
levenshtein_distance;2025-09-20 11:49:40
levenshtein_distance;2025-09-20 11:49:40
levenshtein_distance;2025-09-20 11:49:40
levenshtein_distance;2025-09-20 11:49:40
levenshtein_distance;2025-09-20 11:49:40
levenshtein_distance;2025-09-20 11:49:40
levenshtein_distance;2025-09-20 11:49:40
levenshtein_distance;2025-09-20 11:49:40
levenshtein_distance;2025-09-20 11:49:40
black_list_check_full RES: no, bad boy;2025-09-20 11:49:40
levenshtein_distance;2025-09-20 11:49:40
levenshtein_distance;2025-09-20 11:49:40
levenshtein_distance;2025-09-20 11:49:40
levenshtein_distance;2025-09-20 11:49:40
levenshtein_distance;2025-09-20 11:49:40
levenshtein_distance;2025-09-20 11:49:40
levenshtein_distance;2025-09-20 11:49:40
levenshtein_distance;2025-09-20 11:49:40
levenshtein_distance;2025-09-20 11:49:40
levenshtein_distance;2025-09-20 11:49:40
levenshtein_distance;2025-09-20 11:49:40
levenshtein_distance;2025-09-20 11:49:40
levenshtein_distance;2025-09-20 11:49:40
levenshtein_distance;2025-09-20 11:49:40
levenshtein_distance;2025-09-20 11:49:40
black_list_check_full RES: similar good boy;2025-09-20 11:49:40
levenshtein_distance;2025-09-20 11:49:40
levenshtein_distance;2025-09-20 11:49:40
levenshtein_distance;2025-09-20 11:49:40
levenshtein_distance;2025-09-20 11:49:40
levenshtein_distance;2025-09-20 11:49:40
levenshtein_distance;2025-09-20 11:49:40
levenshtein_distance;2025-09-20 11:49:40
levenshtein_distance;2025-09-20 11:49:40
levenshtein_distance;2025-09-20 11:49:40
levenshtein_distance;2025-09-20 11:49:40
levenshtein_distance;2025-09-20 11:49:40
levenshtein_distance;2025-09-20 11:49:40
levenshtein_distance;2025-09-20 11:49:40
levenshtein_distance;2025-09-20 11:49:40
levenshtein_distance;2025-09-20 11:49:40
black_list_check_full RES: similar good boy;2025-09-20 11:49:40
levenshtein_distance;2025-09-20 11:49:40
levenshtein_distance;2025-09-20 11:49:40
levenshtein_distance;2025-09-20 11:49:40
levenshtein_distance;2025-09-20 11:49:40
levenshtein_distance;2025-09-20 11:49:40
levenshtein_distance;2025-09-20 11:49:40
levenshtein_distance;2025-09-20 11:49:40
levenshtein_distance;2025-09-20 11:49:40
levenshtein_distance;2025-09-20 11:49:40
levenshtein_distance;2025-09-20 11:49:40
levenshtein_distance;2025-09-20 11:49:40
levenshtein_distance;2025-09-20 11:49:40
levenshtein_distance;2025-09-20 11:49:40
levenshtein_distance;2025-09-20 11:49:40
levenshtein_distance;2025-09-20 11:49:40
black_list_check_full RES: similar good boy;2025-09-20 11:49:40
levenshtein_distance;2025-09-20 11:49:40
levenshtein_distance;2025-09-20 11:49:40
levenshtein_distance;2025-09-20 11:49:40
levenshtein_distance;2025-09-20 11:49:40
levenshtein_distance;2025-09-20 11:49:40
levenshtein_distance;2025-09-20 11:49:40
levenshtein_distance;2025-09-20 11:49:40
levenshtein_distance;2025-09-20 11:49:40
levenshtein_distance;2025-09-20 11:49:40
levenshtein_distance;2025-09-20 11:49:40
levenshtein_distance;2025-09-20 11:49:40
levenshtein_distance;2025-09-20 11:49:40
levenshtein_distance;2025-09-20 11:49:40
levenshtein_distance;2025-09-20 11:49:40
levenshtein_distance;2025-09-20 11:49:40
levenshtein_distance;2025-09-20 11:49:40
levenshtein_distance;2025-09-20 11:49:40
black_list_check_full RES: similar good boy;2025-09-20 11:49:40
levenshtein_distance;2025-09-20 11:49:40
levenshtein_distance;2025-09-20 11:49:40
levenshtein_distance;2025-09-20 11:49:40
levenshtein_distance;2025-09-20 11:49:40
levenshtein_distance;2025-09-20 11:49:40
levenshtein_distance;2025-09-20 11:49:40
levenshtein_distance;2025-09-20 11:49:40
levenshtein_distance;2025-09-20 11:49:40
levenshtein_distance;2025-09-20 11:49:40
levenshtein_distance;2025-09-20 11:49:40
levenshtein_distance;2025-09-20 11:49:40
levenshtein_distance;2025-09-20 11:49:40
levenshtein_distance;2025-09-20 11:49:40
levenshtein_distance;2025-09-20 11:49:40
levenshtein_distance;2025-09-20 11:49:40
black_list_check_full RES: similar good boy;2025-09-20 11:49:40
send_back_binarization with percent;2025-09-20 11:49:45
send_back_binarization_with_percent;2025-09-20 11:49:51
send_back_binarization without percent;2025-09-20 11:49:54
send_back_binarization_with_percent;2025-09-20 11:49:56
send_back_binarization without percent;2025-09-20 11:49:58
